Client,Project,Project ID,Equipment,Test Name,Document Number,Steps
Test 2,equip 8,,Step 1,Test Description,Pass,Action Taken,Some comments
Test 2,equip 8,,2,aaa,,,Remove
Test 2,equip 8,,3,bbb,,,Remove
Test 2,equip 8,,4,ccc,,,Remove
Test 3,equip 8,,Step 1,Test Description,
,Action Taken,Some comments
Test 3,equip 8,,2,eee,,,Remove
Test 3,equip 8,,3,fff,,,Remove
Test 3,equip 8,,4,ggg,,,Remove
Test 3,equip 8,,5,hhh,,,Remove
Test 6,equip 8,,1,Test Description,Pass,Action Taken,Some comments,
Test 6,equip 8,,2,X,W,V,,
Test 6,equip 8,,3,Z,K,M,,
